{"result": 5.943364973293037e-05, "alpha": -0.007709322261582426}