{"result": 0.001075634088781336, "alpha": 0.03279686095926462}