{"result": 0.002038309841718822, "alpha": 0.045147644918852876}