{"result": 2.054783085906211, "alpha": 1.4334514592082326}