{"result": 1.4459986718797393, "alpha": -1.2024968490103163}