{"result": 0.4607940698457249, "alpha": -0.6788181419538851}