{"result": 0.25476573498524135, "alpha": -0.5047432366909351}