{"result": 1.176997233843582, "alpha": -1.0848950335601975}