{"result": 2.5188929489348886, "alpha": 1.5871020600247763}