{"result": 0.6920788288487061, "alpha": -0.8319127531470509}