{"result": 0.039390717625821886, "alpha": 0.1984709490727091}