{"result": 0.3878140233327816, "alpha": -0.6227471584301141}