{"result": 0.26186275737858883, "alpha": -0.5117252752977801}