{"result": 0.035550037401021535, "alpha": -0.18854717553180567}