{"result": 3.1113629487502537, "alpha": 1.763905595192173}