{"result": 0.06612798084579811, "alpha": -0.257153613324406}