{"result": 0.8941797067509685, "alpha": -0.9456107585846136}