{"result": 1.3051139650652477, "alpha": -1.1424158459445701}