{"result": 0.23791088410602523, "alpha": -0.4877610932680314}