{"result": 1.8304217869836692, "alpha": -1.352930813820008}