{"result": 1.0251177788788686, "alpha": 1.0124810017372516}