{"result": 0.06703534237689086, "alpha": -0.2589118428672023}