{"result": 0.542432440661013, "alpha": 0.7365001294372004}