{"result": 0.25325802504106754, "alpha": 0.5032474789217205}