{"result": 0.017206143555391008, "alpha": -0.13117219048026532}