{"result": 1.1483376361559334, "alpha": 1.0716051680334195}