{"result": 3.691369231031587, "alpha": 1.9212936347762117}