{"result": 1.1709942159091546, "alpha": -1.082124861515137}