{"result": 0.06984410402637735, "alpha": -0.26428035119239823}