{"result": 1.0216354643177814e-05, "alpha": -0.0031963032777222213}