{"result": 0.7447561450053191, "alpha": 0.8629925521146281}