{"result": 0.04357787672119964, "alpha": -0.20875314781147528}