{"result": 0.06410299994347603, "alpha": -0.25318570248628974}