{"result": 0.3238754145846805, "alpha": -0.5691005311758903}