{"result": 0.32069090751271995, "alpha": 0.5662957774102858}