{"result": 0.08601004469523744, "alpha": 0.29327469153549107}