{"result": 0.9481349295184468, "alpha": 0.9737222034638251}