{"result": 0.32601637235568837, "alpha": 0.5709784342299526}