{"result": 3.7171320631189975, "alpha": -1.9279865308448079}