{"result": 0.7132245804923525, "alpha": -0.8445262461832388}