{"result": 0.6262045325638086, "alpha": -0.7913308616273023}