{"result": 0.10722896254730271, "alpha": 0.3274583371168044}