{"result": 1.398566027564383, "alpha": 1.1826098374207712}