{"result": 0.04763198448401754, "alpha": -0.2182475303045089}