{"result": 0.15814921238881166, "alpha": 0.39767978624618533}