{"result": 1.5571797878663336, "alpha": 1.24787010055788}