{"result": 0.019472249483537728, "alpha": -0.13954300227362793}