{"result": 0.9784653374556624, "alpha": -0.9891740683295648}