{"result": 0.29651615889383026, "alpha": -0.5445329731924691}