{"result": 3.922735650078055, "alpha": -1.9805897228043103}