{"result": 1.299848959345669, "alpha": -1.140109187466564}