{"result": 0.0007899759392854598, "alpha": -0.028106510620947947}