{"result": 0.000793247501240575, "alpha": -0.02816464985119778}