{"result": 3.220828497779477, "alpha": -1.794666681525981}