{"result": 0.8741451497484868, "alpha": -0.9349572983556451}