{"result": 1.7578762682624514, "alpha": -1.3258492630244403}