{"result": 0.22112081854052262, "alpha": -0.47023485466362724}