{"result": 2.1672202333329986, "alpha": 1.4721481696259378}