{"result": 0.17431194817211457, "alpha": 0.41750682410245055}