{"result": 0.4487604123925978, "alpha": 0.6698958220444413}