{"result": 0.31911311033410733, "alpha": -0.5649009739185332}