{"result": 0.0007532006531150738, "alpha": 0.027444501327498625}