{"result": 0.5778329985748674, "alpha": 0.7601532730804146}