{"result": 1.1449451968747721, "alpha": 1.070021119826507}