{"result": 0.4534422368921828, "alpha": 0.6733811973111388}