{"result": 0.021179139417558657, "alpha": -0.14553054462056636}