{"result": 0.10213703932502151, "alpha": -0.3195888598262172}