{"result": 0.5322218139653155, "alpha": -0.7295353411352431}