{"result": 0.3725078639821411, "alpha": 0.6103342231778758}