{"result": 0.8018524289132201, "alpha": -0.895462131479171}