{"result": 0.1313579981776195, "alpha": -0.36243343965150276}