{"result": 3.1694825705152825, "alpha": 1.780304066870399}