{"result": 0.5890790918381794, "alpha": 0.7675148805320842}