{"result": 0.0025005202463033015, "alpha": -0.05000520219240496}