{"result": 3.0203022787231895, "alpha": 1.737901688451677}