{"result": 0.48367992496553847, "alpha": -0.6954710094357194}