{"result": 5.464460680043798, "alpha": -2.337618591653437}