{"result": 2.4601302783459458, "alpha": 1.5684802448057629}