{"result": 1.7921942279199339, "alpha": 1.3387285863534601}