{"result": 0.023338929903957768, "alpha": 0.15277084114436815}