{"result": 1.825635878121618, "alpha": -1.3511609371653763}