{"result": 4.0765090415067774e-05, "alpha": -0.006384754530525647}