{"result": 0.0004358298424950604, "alpha": -0.020876538086930515}