{"result": 0.08188869773415712, "alpha": 0.2861620130872669}