{"result": 0.009362953163127356, "alpha": -0.09676235405945514}