{"result": 0.3768866776819678, "alpha": -0.6139109688562079}