{"result": 0.38700173656752757, "alpha": -0.6220946363436415}