{"result": 0.13780740806008568, "alpha": 0.37122420187817184}