{"result": 1.7391866549398747, "alpha": 1.318782262141812}