{"result": 0.8563568332820489, "alpha": 0.9253955010059477}