{"result": 0.011087743150793177, "alpha": 0.10529835302982272}