{"result": 4.980734255442087, "alpha": 2.2317558682441248}