{"result": 2.0881651957773695, "alpha": -1.4450485098353514}