{"result": 0.17174414471418156, "alpha": -0.4144202513321249}