{"result": 0.436857592798843, "alpha": -0.6609520351726311}