{"result": 1.6716334193177027, "alpha": 1.2929166327794313}