{"result": 0.4525123233795305, "alpha": -0.6726903621871883}