{"result": 1.812611605214374, "alpha": 1.346332650281636}