{"result": 1.3055678314818613, "alpha": -1.1426144719378717}