{"result": 0.3095502839944704, "alpha": -0.5563724328131925}